"target","mouse_gene","mouse_log2FC","mouse_padj","mouse_direction","human_gene","human_log2FC","human_padj","human_direction","agreement"
"HCAR2","Hcar2",NA,NA,"not tested / NA","HCAR2",0.25,0.539,"not significant","n/a (one or both not significant)"
"PTGS2","Ptgs2",0.373,1,"not significant","PTGS2",0.27,0.716,"not significant","n/a (one or both not significant)"
"P4HA1","P4ha1",0.257,1,"not significant","P4HA1",-1.801,1.81e-13,"up (scarring/keloid)","n/a (one or both not significant)"
"P4HA2","P4ha2",0.02,1,"not significant","P4HA2",-1.557,4.28e-07,"up (scarring/keloid)","n/a (one or both not significant)"
"TGFBR1","Tgfbr1",-0.308,1,"not significant","TGFBR1",-0.402,0.131,"not significant","n/a (one or both not significant)"
"CASP3","Casp3",-0.358,1,"not significant","CASP3",-0.596,0.00278,"up (scarring/keloid)","n/a (one or both not significant)"
"CASP8","Casp8",-0.099,1,"not significant","CASP8",-0.264,0.533,"not significant","n/a (one or both not significant)"
"NFKB1","Nfkb1",0.446,1,"not significant","NFKB1",0.099,0.75,"not significant","n/a (one or both not significant)"
"ICAM1","Icam1",0.498,1,"not significant","ICAM1",-0.372,0.282,"not significant","n/a (one or both not significant)"
"COL1A1","Col1a1",0.338,1,"not significant","COL1A1",-4.205,4.89e-23,"up (scarring/keloid)","n/a (one or both not significant)"
"MMP2","Mmp2",0.366,1,"not significant","MMP2",-1.764,5.3e-07,"up (scarring/keloid)","n/a (one or both not significant)"
"TLR4","Tlr4",NA,NA,"not tested / NA","TLR4",-0.369,0.134,"not significant","n/a (one or both not significant)"
"MRC1","Mrc1",NA,NA,"not tested / NA","MRC1",-0.491,0.0693,"not significant","n/a (one or both not significant)"
