"GSM","Title"
"GSM4798868","JKR782-003_Keloid_LS_K5"
"GSM4798869","JKR782-003_Keloid_LS_K4"
"GSM4798870","JKR782-004_Keloid_NL_K6"
"GSM4798871","JKR782-001_Keloid_LS_K2"
"GSM4798872","N2_Normal_Normal_N2"
"GSM4798873","JKR782-003_Keloid_NL_K3"
"GSM4798874","N20_Normal_Normal_N20"
"GSM4798875","N3_Normal_Normal_N3"
"GSM4798876","N19_Normal_Normal_N19"
"GSM4798877","N1_Normal_Normal_N1"
"GSM4798878","JKR782-004_Keloid_LS_K7"
"GSM4798879","JKR782-001_Keloid_NL_K1"
"GSM4798880","JKR491-163/BA_Normal_Normal_410"
